thread_id,slug,title,author,reasons,similarity_score,word_count,photo_count,created_at
cmu59qcv3000204l5fhygcfbp,"how-to-fix-blurry-sunset-photos-taken-on-a-lightweight-tripod-a3nw78","How to fix blurry sunset photos taken on a lightweight tripod","Alex","DUPLICATE_CONTENT (100.0% match) | BOT_SIMULATED_USER | THIN_TEXT_NO_IMAGE (40 words, 0 photos)",100,40,0,2026-09-15T18:29:17.341Z
cmu32kgc10028cj0okdh1ntg8,"why-are-my-indoor-photos-always-blurry-beginner-help-1x6sw5","Why are my indoor photos always blurry? (beginner help)","Olivia","DUPLICATE_CONTENT (100.0% match) | BOT_SIMULATED_USER | THIN_TEXT_NO_IMAGE (36 words, 0 photos)",100,36,0,2026-09-14T03:33:12.241Z
cmu32jovx0002cj0ogmaep7pe,"sony-a7cr-vs-nikon-z6-iii-for-landscape-photography-ekiylm","Sony a7CR vs Nikon Z6 III for landscape photography","Mason","DUPLICATE_CONTENT (100.0% match) | BOT_SIMULATED_USER | THIN_TEXT_NO_IMAGE (36 words, 0 photos)",100,36,0,2026-09-14T03:32:36.664Z
cmu4sgcp5000204jp75tbzr5f,"how-to-fix-blurry-sunset-photos-taken-on-a-lightweight-tripod-iw1dik","How to fix blurry sunset photos taken on a lightweight tripod","Liam","DUPLICATE_CONTENT (100.0% match) | BOT_SIMULATED_USER | THIN_TEXT_NO_IMAGE (40 words, 0 photos)",100,40,0,2026-09-14T01:25:37.093Z
cmu343hj900027n0oakvlkng8,"how-to-clean-a-camera-sensor-safely-at-home-without-scratching-glass-5yr9n4","How to clean a camera sensor safely at home without scratching glass","Mia","DUPLICATE_CONTENT (100.0% match) | BOT_SIMULATED_USER | THIN_TEXT_NO_IMAGE (36 words, 0 photos)",100,36,0,2026-09-13T16:15:59.874Z
cmu34ejzx0002ju0opntz0ngg,"peak-design-everyday-backpack-20l-vs-30l-for-camera-gear-1fv71c","Peak Design Everyday Backpack 20L vs 30L for camera gear","Alex","DUPLICATE_CONTENT (100.0% match) | BOT_SIMULATED_USER | THIN_TEXT_NO_IMAGE (36 words, 0 photos)",100,36,0,2026-09-13T11:24:36.283Z
cmu2qhie1000204l17jb88je5,"best-camera-bag-for-international-travel-with-2-bodies-1max64","Best camera bag for international travel with 2 bodies","Liam","DUPLICATE_CONTENT (100.0% match) | BOT_SIMULATED_USER | THIN_TEXT_NO_IMAGE (36 words, 0 photos)",100,36,0,2026-09-13T05:54:59.542Z
cmtty57cl000004jop8h91n1f,"what-is-the-best-budget-mirrorless-camera-under-500-today-ztl28p","What is the best budget mirrorless camera under $500 today?","Hira Qureshi","THIN_TEXT_NO_IMAGE (37 words, 0 photos)",2,37,0,2026-09-09T10:19:26.710Z
cmtx2xc8j0002my0ogykit8l5,"how-to-photograph-the-milky-way-for-beginners-rrffsg","How to photograph the Milky Way for beginners","Chloe","DUPLICATE_CONTENT (100.0% match) | BOT_SIMULATED_USER | THIN_TEXT_NO_IMAGE (36 words, 0 photos)",100,36,0,2026-09-08T23:56:36.396Z
cmtt5winp002z5hi0cqeplt65,"back-button-focus-worth-relearning-after-ten-years-of-half-press","Back-button focus: worth relearning after ten years of half-press?","Rosa Iversen","THIN_TEXT_NO_IMAGE (31 words, 0 photos)",0,31,0,2026-09-06T21:08:52.142Z
cmtt5whpj002v5hi0m9ni089e,"how-do-you-price-a-half-day-commercial-shoot-when-the-client-wants-all","How do you price a half-day commercial shoot when the client wants 'all the files'?","Maria Santos","THIN_TEXT_NO_IMAGE (31 words, 0 photos)",2,31,0,2026-09-04T21:08:50.904Z
cmtt5wfqy002l5hi0p795gj0b,"do-i-need-a-24-70-f-2-8-if-i-already-own-three-fast-primes","Do I need a 24-70 f/2.8 if I already own three fast primes?","Ayesha Khan","THIN_TEXT_NO_IMAGE (29 words, 0 photos)",2,29,0,2026-08-31T21:08:48.330Z
cmtt5wew3002g5hi0y8nzpaec,"capture-one-vs-lightroom-in-2026-has-the-gap-closed","Capture One vs Lightroom in 2026 — has the gap closed?","Danish Ali","THIN_TEXT_NO_IMAGE (26 words, 0 photos)",3,26,0,2026-08-29T21:08:47.259Z
cmtt5we36002b5hi0qct6lzh4,"focus-stacking-watches-how-many-frames-is-enough","Focus stacking watches: how many frames is enough?","Kenji Watanabe","THIN_TEXT_NO_IMAGE (29 words, 0 photos)",0,29,0,2026-08-27T21:08:46.215Z
cmtt5wavk001v5hi0l93101dc,"what-do-you-actually-put-in-a-wedding-contract-to-protect-yourself","What do you actually put in a wedding contract to protect yourself?","Hira Qureshi","THIN_TEXT_NO_IMAGE (30 words, 0 photos)",2,30,0,2026-08-21T21:08:41.966Z
cmtt5w9js001p5hi045en94k0,"is-a-100mm-square-filter-system-still-worth-it-or-is-bracketing-enough","Is a 100mm square filter system still worth it, or is bracketing enough?","Tomasz Nowak","THIN_TEXT_NO_IMAGE (23 words, 0 photos)",0,23,0,2026-08-19T21:08:40.287Z
cmtt5w8b9001k5hi0kmehcody,"how-do-you-keep-skin-tones-consistent-across-a-600-image-wedding-set","How do you keep skin tones consistent across a 600-image wedding set?","Maria Santos","THIN_TEXT_NO_IMAGE (27 words, 0 photos)",0,27,0,2026-08-17T21:08:38.727Z
cmtt5w5p200195hi005yyp4kx,"sony-a7-iv-or-canon-r6-mark-ii-for-wedding-work-in-2026","Sony a7 IV or Canon R6 Mark II for wedding work in 2026?","Ayesha Khan","THIN_TEXT_NO_IMAGE (32 words, 0 photos)",2,32,0,2026-08-13T21:08:35.237Z
cmtt5w4ht00125hi0fc8r9i2r,"why-are-my-indoor-portraits-soft-at-f-1-8-even-though-focus-confirms","Why are my indoor portraits soft at f/1.8 even though focus confirms?","Ayesha Khan","THIN_TEXT_NO_IMAGE (42 words, 0 photos)",2,42,0,2026-08-11T21:08:33.769Z